episode,steps,x,y,yaw,steer,throttle,action,reward,done,on_track,progress,closest_waypoint,track_len,timestamp,iteration
0,0,305.0,68.32000000000001,0.0004,0.0,0.0,0,1.0,False,True,0.7921,0,17.67,1570766782.9028797,1
0,1,305.0,68.32000000000001,0.0004,-0.52,2.67,0,1.0,False,True,0.7921,0,17.67,1570766782.9699185,1
0,0,305.0,68.32000000000001,0.0004,0.0,0.0,0,1.0,False,True,0.7922,0,17.67,1570766793.6457598,1
0,1,305.01,68.33,0.0008,-0.26,8.0,5,1.0,False,True,0.7931,0,17.67,1570766793.954452,1
0,2,305.16,68.33,0.0012,-0.26,8.0,5,1.0,False,True,0.8012,0,17.67,1570766793.9810436,1
0,3,306.48,68.27,-0.003,-0.26,8.0,5,1.0,False,True,0.8762,0,17.67,1570766794.0467603,1
0,4,308.83,68.11,-0.0124,-0.26,8.0,5,1.0,False,True,1.0087,0,17.67,1570766794.1112683,1
0,5,312.45,67.86,-0.0244,0.26,2.67,9,1.0,False,True,1.2136,1,17.67,1570766794.1804454,1
0,6,317.4,67.47999999999999,-0.0404,0.26,2.67,9,1.0,False,True,1.4939,1,17.67,1570766794.2474377,1
0,7,322.90999999999997,67.04,-0.0528,0.0,5.33,7,1.0,False,True,1.8057,1,17.67,1570766794.312245,1
0,8,329.06,66.53999999999999,-0.0655,0.52,2.67,12,1.0,False,True,2.1538,1,17.67,1570766794.3796222,1
0,9,334.79,66.08000000000001,-0.0703,0.26,2.67,9,1.0,False,True,2.4781,1,17.67,1570766794.4469774,1
0,10,340.07,65.56,-0.0796,0.52,2.67,12,1.0,False,True,2.777,2,17.67,1570766794.5120103,1
0,11,345.77,65.11,-0.0787,0.52,2.67,12,1.0,False,True,3.0993,2,17.67,1570766794.581454,1
0,12,351.11,64.94,-0.064,0.52,2.67,12,1.0,False,True,3.4015,2,17.67,1570766794.6470892,1
0,13,356.53000000000003,65.09,-0.0352,0.52,2.67,12,1.0,False,True,3.7083,3,17.67,1570766794.714025,1
0,14,362.24,65.57,0.0049,0.0,5.33,7,1.0,False,True,4.0312,3,17.67,1570766794.7809217,1
0,15,368.46999999999997,66.28,0.0427,0.26,2.67,9,1.0,False,True,4.3839,3,17.67,1570766794.8473985,1
0,16,374.42,67.15,0.0784,-0.52,5.33,1,1.0,False,True,4.7206,3,17.67,1570766794.9143472,1
0,17,381.08,68.14,0.1058,0.26,2.67,9,1.0,False,True,5.0975,3,17.67,1570766794.9805768,1
0,18,387.89,69.37,0.1338,-0.52,5.33,1,1.0,False,True,5.4829,3,17.67,1570766795.0477638,1
0,19,395.14,70.64,0.1504,0.26,2.67,9,1.0,False,True,5.8929,4,17.67,1570766795.1147003,1
0,20,402.20000000000005,71.93,0.1626,-0.52,8.0,2,1.0,False,True,6.2928,4,17.67,1570766795.1798437,1
0,21,411.09999999999997,73.22999999999999,0.153,-0.52,8.0,2,1.0,False,True,6.7962,4,17.67,1570766795.2488604,1
0,22,420.22,74.2,0.1243,0.26,2.67,9,1.0,False,True,7.3122,4,17.67,1570766795.3130207,1
0,23,429.23999999999995,74.87,0.098,-0.52,8.0,2,0.5,False,True,7.823,4,17.67,1570766795.380941,1
0,24,439.02,75.06,0.0499,0.26,2.67,9,0.5,False,True,8.3765,5,17.67,1570766795.4481099,1
0,25,447.44,75.16000000000001,0.0276,0.26,2.67,9,0.5,False,True,8.8526,5,17.67,1570766795.5128179,1
0,26,454.77,75.33,0.0253,0.26,2.67,9,0.5,False,True,9.2676,6,17.67,1570766795.5799868,1
0,27,461.31,75.58,0.0308,0.26,2.67,9,0.5,False,True,9.6374,6,17.67,1570766795.648235,1
0,28,466.98,75.97,0.0426,0.26,2.67,9,0.5,False,True,9.9586,6,17.67,1570766795.7140148,1
0,29,472.40999999999997,76.49000000000001,0.0597,0.26,2.67,9,0.5,False,True,10.2658,6,17.67,1570766795.7803454,1
0,30,477.90999999999997,77.21000000000001,0.0781,0.26,2.67,9,0.5,False,True,10.5768,6,17.67,1570766795.8482358,1
0,31,483.42,77.97,0.0975,-0.26,5.33,4,0.5,False,True,10.8887,6,17.67,1570766795.912731,1
0,32,490.78999999999996,78.91,0.1091,-0.26,8.0,5,0.5,False,True,11.306,6,17.67,1570766795.980175,1
0,33,499.57000000000005,79.80000000000001,0.105,-0.26,8.0,5,0.5,False,True,11.8027,7,17.67,1570766796.048357,1
0,34,509.70000000000005,80.7,0.0968,0.0,8.0,8,0.5,False,True,12.3758,7,17.67,1570766796.114775,1
0,35,520.77,81.45,0.0789,-0.52,2.67,0,0.5,False,True,13.0026,7,17.67,1570766796.180943,1
0,36,531.09,81.47999999999999,0.0388,0.0,8.0,8,0.5,False,True,13.5864,7,17.67,1570766796.2479537,1
0,37,542.5600000000001,81.28,0.0061,0.0,8.0,8,0.5,False,True,14.2352,8,17.67,1570766796.314323,1
0,38,554.96,81.07,-0.0152,0.52,5.33,13,0.5,False,True,14.9371,8,17.67,1570766796.3820524,1
0,39,566.62,81.42,0.0117,0.52,5.33,13,0.5,False,True,15.597,9,17.67,1570766796.4477558,1
0,40,577.49,82.53,0.0631,0.52,5.33,13,0.5,False,True,16.2123,9,17.67,1570766796.5139797,1
0,41,588.7800000000001,84.42,0.1226,0.0,8.0,8,0.1,False,True,16.8645,9,17.67,1570766796.5814238,1
0,42,601.21,86.82,0.1618,-0.52,8.0,2,0.1,False,True,17.5701,9,17.67,1570766796.6475124,1
0,43,614.67,89.19,0.1703,0.52,5.33,13,0.1,False,True,18.3339,10,17.67,1570766796.7150147,1
0,44,626.83,91.97,0.2036,0.26,5.33,10,0.1,False,True,19.0243,10,17.67,1570766796.782294,1
0,45,638.0799999999999,94.78,0.2269,-0.26,5.33,4,0.1,False,False,19.8068,11,17.67,1570766796.8492055,1
0,46,648.29,97.42,0.2378,0.52,2.67,12,0.1,False,False,20.7885,12,17.67,1570766796.9139345,1
0,47,657.49,100.21,0.2671,-0.26,2.67,3,0.1,False,False,21.33,13,17.67,1570766796.98224,1
0,48,665.0400000000001,102.46,0.2769,0.26,2.67,9,0.1,False,False,21.9837,13,17.67,1570766797.050294,1
0,49,671.95,104.78,0.2966,0.0,5.33,7,0.1,False,True,22.522,14,17.67,1570766797.115222,1
0,50,680.4,107.72999999999999,0.3151,0.0,5.33,7,0.1,False,True,22.9997,14,17.67,1570766797.1825674,1
0,51,689.8100000000001,111.42,0.347,0.52,5.33,13,0.5,False,True,23.7467,15,17.67,1570766797.250499,1
0,52,699.27,116.03000000000002,0.4062,0.52,8.0,14,0.5,False,True,24.2767,16,17.67,1570766797.3139844,1
0,53,709.26,122.24,0.501,0.52,2.67,12,1.0,False,True,24.9356,16,17.67,1570766797.3820903,1
0,54,717.05,128.42,0.6011,0.26,2.67,9,1.0,False,True,25.4586,17,17.67,1570766797.4491549,1
0,55,723.17,134.4,0.6831,0.52,2.67,12,1.0,False,True,25.8659,17,17.67,1570766797.5163832,1
0,56,727.79,140.23000000000002,0.7747,0.52,2.67,12,0.5,False,True,26.2458,17,17.67,1570766797.5850506,1
0,57,731.17,145.60999999999999,0.8616,0.52,2.67,12,0.5,False,True,26.5852,17,17.67,1570766797.6499171,1
0,58,733.72,150.89999999999998,0.9504,0.52,2.67,12,0.5,False,True,26.9094,18,17.67,1570766797.7183197,1
0,59,735.53,155.89,1.0359,0.52,2.67,12,0.5,False,True,27.2072,18,17.67,1570766797.7838035,1
0,60,736.85,161.19,1.1286,0.52,2.67,12,0.5,False,True,27.5163,18,17.67,1570766797.850303,1
0,61,737.73,166.57,1.2188,0.26,5.33,10,0.5,False,True,27.8243,18,17.67,1570766797.9155545,1
0,62,738.25,173.21,1.334,0.26,2.67,9,0.5,False,True,28.1968,18,17.67,1570766797.9848228,1
0,63,738.13,179.06,1.4219,0.26,2.67,9,0.5,False,True,28.3128,18,17.67,1570766798.0505779,1
0,64,737.4100000000001,185.15,1.518,0.52,5.33,13,0.5,False,True,28.6594,19,17.67,1570766798.1177826,1
0,65,735.71,191.82,1.6352,0.52,2.67,12,0.5,False,True,28.9248,20,17.67,1570766798.1843426,1
0,66,733.33,197.82,1.7516,0.52,8.0,14,0.5,False,True,29.2897,20,17.67,1570766798.2508793,1
0,67,729.93,203.9,1.8899,0.52,2.67,12,0.5,False,True,29.6792,20,17.67,1570766798.3168755,1
0,68,725.9000000000001,209.10999999999999,2.0215,0.52,5.33,13,0.5,False,True,30.0345,20,17.67,1570766798.3827665,1
0,69,720.04,214.86,2.176,0.26,5.33,10,1.0,False,True,30.4545,21,17.67,1570766798.4521987,1
0,70,712.9,220.4,2.3233,0.0,5.33,7,1.0,False,True,30.8877,21,17.67,1570766798.5184226,1
0,71,704.64,225.47000000000003,2.4595,0.0,5.33,7,0.5,False,True,31.3187,21,17.67,1570766798.586185,1
0,72,695.6800000000001,229.76000000000002,2.5819,0.0,5.33,7,0.5,False,True,31.9537,22,17.67,1570766798.65196,1
0,73,686.41,233.49,2.6726,-0.26,5.33,4,0.1,False,True,32.6553,22,17.67,1570766798.718425,1
0,74,676.94,236.93,2.7365,0.26,5.33,10,0.1,False,True,33.1948,22,17.67,1570766798.7835884,1
0,75,666.83,239.65,2.8138,0.26,5.33,10,0.1,False,False,33.7373,23,17.67,1570766798.8514335,1
0,76,656.82,241.76000000000002,2.8767,0.0,5.33,7,0.1,False,False,34.6974,23,17.67,1570766798.9170976,1
0,77,646.31,243.67000000000002,2.923,0.0,5.33,7,0.1,False,False,35.7812,24,17.67,1570766798.9846146,1
0,78,635.82,245.29000000000002,2.9584,0.0,5.33,7,0.1,False,False,36.3809,24,17.67,1570766799.052333,1
0,79,625.41,246.70000000000002,2.9849,0.0,5.33,7,0.1,False,False,36.9754,25,17.67,1570766799.1182125,1
0,80,614.97,248.07000000000002,2.9981,-0.52,5.33,1,0.1,False,False,37.5706,25,17.67,1570766799.1844432,1
0,81,604.43,249.88000000000002,2.9826,-0.52,5.33,1,0.1,False,False,38.3466,25,17.67,1570766799.2520704,1
0,82,593.99,252.1,2.9553,-0.26,5.33,4,0.1,False,False,38.9367,26,17.67,1570766799.3179748,1
0,83,583.7900000000001,254.61999999999998,2.9247,-0.26,5.33,4,0.1,False,False,39.5121,26,17.67,1570766799.384109,1
0,84,573.53,257.46000000000004,2.8966,0.0,5.33,7,0.1,False,True,40.0918,27,17.67,1570766799.4526455,1
0,85,563.71,260.34999999999997,2.871,0.0,2.67,6,0.1,False,True,40.6456,28,17.67,1570766799.5197544,1
0,86,554.98,263.32,2.842,-0.26,5.33,4,0.5,False,True,41.1382,28,17.67,1570766799.5846376,1
0,87,545.61,266.94,2.8052,0.0,5.33,7,0.5,False,True,41.6672,28,17.67,1570766799.651342,1
0,88,536.12,270.54,2.7864,0.52,2.67,12,1.0,False,True,42.2024,29,17.67,1570766799.7180145,1
0,89,527.98,273.41,2.7944,0.0,2.67,6,1.0,False,True,42.6613,29,17.67,1570766799.7855484,1
0,90,520.81,275.77,2.8063,0.52,2.67,12,1.0,False,True,43.0659,29,17.67,1570766799.8538969,1
0,91,515.05,277.31,2.8336,0.52,2.67,12,1.0,False,True,43.3914,29,17.67,1570766799.917834,1
0,92,509.72999999999996,278.57,2.858,0.0,2.67,6,1.0,False,True,43.6917,30,17.67,1570766799.9853625,1
0,93,504.62,279.58,2.8837,0.52,2.67,12,1.0,False,True,43.9976,30,17.67,1570766800.0519419,1
0,94,499.02,280.41999999999996,2.9195,-0.26,5.33,4,1.0,False,True,44.3206,31,17.67,1570766800.1188407,1
0,95,492.06000000000006,281.46,2.9488,-0.26,5.33,4,1.0,False,True,44.7578,32,17.67,1570766800.1851895,1
0,96,484.64,282.8,2.967,-0.52,2.67,0,1.0,False,True,45.1808,32,17.67,1570766800.2527955,1
0,97,477.88000000000005,284.11,2.9606,-0.26,8.0,5,1.0,False,True,45.5676,32,17.67,1570766800.3171573,1
0,98,470.62,285.92,2.9422,-0.52,2.67,0,1.0,False,True,45.9898,33,17.67,1570766800.3851938,1
0,99,463.65,288.28999999999996,2.8886,-0.52,8.0,2,1.0,False,True,46.4066,33,17.67,1570766800.4524467,1
0,100,456.26,291.71,2.8066,-0.52,8.0,2,1.0,False,True,46.9029,33,17.67,1570766800.5174496,1
0,101,447.67,297.01,2.6895,-0.52,8.0,2,1.0,False,True,47.4659,33,17.67,1570766800.5861838,1
0,102,439.52,303.65000000000003,2.552,-0.52,2.67,0,1.0,False,True,48.06,34,17.67,1570766800.6528518,1
0,103,433.41,310.15999999999997,2.4407,0.26,2.67,9,1.0,False,True,48.5634,34,17.67,1570766800.7192194,1
0,104,428.46999999999997,315.98,2.3704,0.26,2.67,9,1.0,False,True,48.9911,34,17.67,1570766800.7848122,1
0,105,423.90999999999997,321.74,2.3164,0.0,5.33,7,1.0,False,True,49.4194,34,17.67,1570766800.8531456,1
0,106,419.67999999999995,328.12,2.2456,-0.52,2.67,0,1.0,False,True,49.8504,34,17.67,1570766800.9199948,1
0,107,416.24,334.37,2.1768,0.0,5.33,7,1.0,False,True,50.2477,35,17.67,1570766800.986519,1
0,108,412.51,341.9,2.1097,0.0,5.33,7,1.0,False,True,50.7114,35,17.67,1570766801.0522578,1
0,109,408.54999999999995,350.34000000000003,2.061,0.52,5.33,13,0.5,False,True,51.2229,36,17.67,1570766801.1200008,1
0,110,404.32,359.18,2.0373,0.26,2.67,9,0.5,False,True,51.762,36,17.67,1570766801.1863534,1
0,111,400.78,366.97,2.0204,-0.26,2.67,3,0.5,False,True,52.2301,36,17.67,1570766801.2543304,1
0,112,398.15999999999997,373.57,1.9921,-0.26,2.67,3,0.5,False,True,52.6136,37,17.67,1570766801.3203156,1
0,113,395.61,380.15,1.9722,0.52,5.33,13,0.1,False,True,52.9932,37,17.67,1570766801.387686,1
0,114,392.33,387.55,1.9803,0.52,5.33,13,0.1,False,True,53.4347,37,17.67,1570766801.453615,1
0,115,388.13,395.40999999999997,2.0207,0.52,5.33,13,0.1,False,True,53.93,38,17.67,1570766801.5183628,1
0,116,382.45,404.01,2.0931,0.52,5.33,13,0.1,False,True,54.5102,38,17.67,1570766801.58759,1
0,117,376.0,411.95000000000005,2.179,0.52,5.33,13,0.1,False,True,55.089,39,17.67,1570766801.6542444,1
0,118,369.42,418.51000000000005,2.2866,0.52,2.67,12,0.1,False,True,55.5401,39,17.67,1570766801.7191877,1
0,119,361.69,424.05999999999995,2.4095,0.52,5.33,13,0.1,False,True,56.0674,39,17.67,1570766801.7895324,1
0,120,354.12,428.28999999999996,2.5291,-0.26,2.67,3,0.1,False,True,56.5338,39,17.67,1570766801.8540225,1
0,121,346.37,431.78999999999996,2.634,0.26,8.0,11,0.5,False,True,56.977,40,17.67,1570766801.920025,1
0,122,337.04,434.8,2.7371,0.0,5.33,7,0.5,False,True,57.4601,40,17.67,1570766801.9860797,1
0,123,327.14,437.31,2.8197,0.0,5.33,7,1.0,False,True,57.9019,40,17.67,1570766802.0537457,1
0,124,316.89,439.20000000000005,2.8966,0.52,8.0,14,1.0,False,True,58.4536,41,17.67,1570766802.1200042,1
0,125,305.11,440.10999999999996,3.0089,-0.26,5.33,4,1.0,False,True,59.1102,42,17.67,1570766802.1881669,1
0,126,294.49,440.09999999999997,3.0834,0.0,5.33,7,0.5,False,True,59.6785,43,17.67,1570766802.2529643,1
0,127,283.69,439.46,-3.1358,0.0,5.33,7,0.5,False,True,60.3886,44,17.67,1570766802.3213253,1
0,128,273.8,438.72999999999996,-3.0973,-0.52,2.67,0,0.5,False,True,61.0359,45,17.67,1570766802.3869019,1
0,129,265.05,438.34999999999997,-3.094,-0.52,2.67,0,0.5,False,True,61.5315,46,17.67,1570766802.453877,1
0,130,257.59,438.31,-3.1108,-0.52,2.67,0,0.5,False,True,61.9537,46,17.67,1570766802.5229485,1
0,131,250.5,438.58,-3.1388,0.52,5.33,13,0.5,False,True,62.3545,46,17.67,1570766802.5874069,1
0,132,242.93999999999997,438.84,3.1303,-0.52,2.67,0,0.5,False,True,62.7981,46,17.67,1570766802.6540015,1
0,133,235.59,439.37,3.1056,0.0,5.33,7,0.5,False,True,63.2132,47,17.67,1570766802.7216551,1
0,134,227.26999999999998,440.06999999999994,3.0838,0.0,5.33,7,0.5,False,True,63.6827,47,17.67,1570766802.787009,1
0,135,217.88,441.05999999999995,3.0601,0.0,5.33,7,0.5,False,True,64.2119,47,17.67,1570766802.854731,1
0,136,207.39999999999998,442.65,3.0209,-0.26,5.33,4,1.0,False,True,64.8023,48,17.67,1570766802.9236941,1
0,137,196.60999999999999,444.61,2.9901,0.52,8.0,14,1.0,False,True,65.4089,48,17.67,1570766802.9905334,1
0,138,184.63,446.14000000000004,3.0069,0.52,8.0,14,1.0,False,True,66.0841,49,17.67,1570766803.0559323,1
0,139,171.76,447.18,3.0459,0.0,5.33,7,1.0,False,True,66.8127,49,17.67,1570766803.122492,1
0,140,159.69,447.64,3.0821,0.26,5.33,10,1.0,False,True,67.4837,49,17.67,1570766803.1882324,1
0,141,148.45,447.22999999999996,3.1374,0.52,5.33,13,1.0,False,True,68.1157,49,17.67,1570766803.2563715,1
0,142,138.47,445.99,-3.0795,0.52,5.33,13,1.0,False,True,68.685,50,17.67,1570766803.3210459,1
0,143,128.65,444.00000000000006,-2.9918,0.0,2.67,6,1.0,False,True,69.2513,50,17.67,1570766803.390455,1
0,144,120.7,441.76,-2.9326,0.52,2.67,12,1.0,False,True,69.7148,50,17.67,1570766803.4569845,1
0,145,114.04,439.02,-2.8571,0.52,2.67,12,1.0,False,True,70.0768,50,17.67,1570766803.524319,1
0,146,107.99000000000001,435.75,-2.7739,0.52,8.0,14,1.0,False,True,70.3998,51,17.67,1570766803.5910788,1
0,147,101.38000000000001,430.89000000000004,-2.6533,0.52,8.0,14,1.0,False,True,70.8414,51,17.67,1570766803.6579087,1
0,148,95.32000000000001,424.97999999999996,-2.5134,0.52,2.67,12,0.5,False,True,71.3131,51,17.67,1570766803.7229462,1
0,149,90.3,418.70000000000005,-2.388,0.0,2.67,6,0.5,False,True,71.7673,51,17.67,1570766803.7905967,1
0,150,86.42,412.79,-2.2779,0.52,8.0,14,0.5,False,True,72.1668,51,17.67,1570766803.8554342,1
0,151,83.07,405.11999999999995,-2.142,0.52,8.0,14,1.0,False,True,72.6303,52,17.67,1570766803.9241073,1
0,152,80.47999999999999,396.36,-1.9667,0.26,2.67,9,1.0,False,True,73.1187,52,17.67,1570766803.9901276,1
0,153,79.14999999999999,387.93,-1.7679,0.0,5.33,7,1.0,False,True,73.5497,52,17.67,1570766804.0567572,1
0,154,79.16,378.88,-1.5931,0.0,5.33,7,0.5,False,True,74.1681,52,17.67,1570766804.1235745,1
0,155,80.30000000000001,369.96000000000004,-1.4445,-0.52,2.67,0,0.5,False,True,74.666,52,17.67,1570766804.1898084,1
0,156,82.28,361.36,-1.323,0.0,5.33,7,0.5,False,True,75.1417,53,17.67,1570766804.2567124,1
0,157,85.3,352.38,-1.2266,-0.26,5.33,4,0.5,False,True,75.867,53,17.67,1570766804.323283,1
0,158,89.16,343.45,-1.1692,0.26,2.67,9,0.1,False,True,76.406,53,17.67,1570766804.3902097,1
0,159,92.81,336.02,-1.1387,-0.52,2.67,0,0.1,False,True,76.8596,53,17.67,1570766804.4575512,1
0,160,95.74000000000001,329.59999999999997,-1.1396,-0.52,2.67,0,0.1,False,True,77.2492,53,17.67,1570766804.5248086,1
0,161,97.91,324.21000000000004,-1.1564,-0.52,2.67,0,0.1,False,True,77.5727,53,17.67,1570766804.5886478,1
0,162,99.63,319.02,-1.1873,-0.52,2.67,0,0.1,False,True,77.8799,53,17.67,1570766804.6567638,1
0,163,100.94000000000001,313.98,-1.2261,-0.52,2.67,0,0.1,False,True,78.1743,54,17.67,1570766804.7242324,1
0,164,101.88999999999999,308.84999999999997,-1.2762,-0.52,2.67,0,0.1,False,True,78.4694,54,17.67,1570766804.79127,1
0,165,102.59,303.53,-1.3281,0.0,5.33,7,0.1,False,True,78.7724,54,17.67,1570766804.856742,1
0,166,103.03999999999999,297.54999999999995,-1.3913,-0.26,2.67,3,0.1,False,True,79.1091,54,17.67,1570766804.9230926,1
0,167,103.10999999999999,292.13,-1.444,-0.26,2.67,3,0.1,False,True,79.4099,54,17.67,1570766804.9911497,1
0,168,102.88999999999999,286.41999999999996,-1.5005,0.0,8.0,8,0.1,False,True,79.724,54,17.67,1570766805.0563457,1
0,169,102.47,279.42999999999995,-1.553,0.0,8.0,8,0.1,False,True,80.1064,54,17.67,1570766805.122669,1
0,170,101.53000000000002,270.78000000000003,-1.6174,0.0,5.33,7,0.5,False,True,80.5746,55,17.67,1570766805.1903846,1
0,171,99.88,262.04999999999995,-1.6836,-0.52,2.67,0,0.5,False,True,81.0394,55,17.67,1570766805.2574766,1
0,172,97.68,253.98000000000002,-1.7555,0.52,8.0,14,0.5,False,True,81.4615,56,17.67,1570766805.325119,1
0,173,95.19,245.13,-1.8149,0.26,2.67,9,1.0,False,True,81.9235,57,17.67,1570766805.391729,1
0,174,92.97,237.67999999999998,-1.8359,0.26,2.67,9,1.0,False,True,82.3108,57,17.67,1570766805.4586353,1
0,175,90.93,231.51000000000002,-1.8567,-0.26,2.67,3,1.0,False,True,82.6292,57,17.67,1570766805.5246363,1
0,176,88.88000000000001,225.36999999999998,-1.8701,0.52,5.33,13,0.5,False,True,82.9455,57,17.67,1570766805.593303,1
0,177,86.78,217.82,-1.8567,0.52,5.33,13,0.5,False,True,83.34,58,17.67,1570766805.658836,1
0,178,84.87,209.94000000000003,-1.8339,-0.26,2.67,3,0.1,False,True,83.7548,58,17.67,1570766805.7260115,1
0,179,83.13000000000001,202.95000000000002,-1.8261,-0.26,2.67,3,0.1,False,True,84.122,58,17.67,1570766805.791707,1
0,180,81.49,196.26999999999998,-1.8203,0.52,8.0,14,0.1,False,True,84.4733,58,17.67,1570766805.8590326,1
0,181,80.17999999999999,188.48,-1.7826,0.52,8.0,14,0.1,False,False,84.8899,59,17.67,1570766805.9239995,1
0,182,79.49000000000001,179.07,-1.7106,0.52,5.33,13,0.1,False,False,85.4035,59,17.67,1570766805.9918885,1
0,183,79.84,168.55,-1.6142,0.52,8.0,14,0.1,False,False,85.9906,60,17.67,1570766806.0601027,1
0,184,81.6,157.28,-1.494,0.52,8.0,14,0.1,False,False,86.5633,60,17.67,1570766806.1234353,1
0,185,84.92,145.41,-1.3626,-0.26,2.67,3,0.1,False,False,87.2606,60,17.67,1570766806.1918795,1
0,186,88.89,135.51,-1.2675,0.52,5.33,13,0.1,False,False,87.8588,60,17.67,1570766806.2577949,1
0,187,96.19,121.96000000000001,-1.1342,0.52,5.33,13,0.1,False,False,88.7036,61,17.67,1570766806.3926444,1
0,188,101.05,114.99,-1.0543,0.52,2.67,12,0.1,False,False,89.1532,61,17.67,1570766806.4125338,1
0,189,105.43,109.72,-0.9855,0.52,5.33,13,0.1,False,True,89.3668,61,17.67,1570766806.4599624,1
0,190,112.62,102.57000000000001,-0.8753,0.52,8.0,14,0.5,False,True,89.8242,62,17.67,1570766806.5302436,1
0,191,121.00999999999999,96.21,-0.7256,0.26,2.67,9,0.5,False,True,90.2274,63,17.67,1570766806.594912,1
0,192,129.68,91.12,-0.586,0.26,8.0,11,0.5,False,True,90.7577,64,17.67,1570766806.6612875,1
0,193,139.52,87.05000000000001,-0.4577,0.0,5.33,7,1.0,False,True,91.2894,65,17.67,1570766806.7291489,1
0,194,149.36,84.28999999999999,-0.3615,0.0,5.33,7,1.0,False,True,91.8284,67,17.67,1570766806.7940705,1
0,195,159.9,82.04,-0.2789,-0.26,5.33,4,1.0,False,True,92.4667,67,17.67,1570766806.863035,1
0,196,169.75,79.99000000000001,-0.2406,-0.26,5.33,4,1.0,False,True,93.0354,67,17.67,1570766806.9275177,1
0,197,180.36,77.75999999999999,-0.2226,-0.26,5.33,4,1.0,False,True,93.6485,68,17.67,1570766806.9948797,1
0,198,190.57,75.74,-0.2071,0.26,2.67,9,1.0,False,True,94.237,68,17.67,1570766807.064764,1
0,199,199.02,74.42,-0.1827,0.26,2.67,9,1.0,False,True,94.7188,68,17.67,1570766807.1314023,1
0,200,206.17999999999998,73.72999999999999,-0.1473,0.26,2.67,9,1.0,False,True,95.2002,68,17.67,1570766807.1952443,1
0,201,212.46999999999997,73.38,-0.1132,0.26,2.67,9,1.0,False,True,95.5563,68,17.67,1570766807.2628086,1
0,202,217.73,73.36,-0.0823,0.26,2.67,9,1.0,False,True,95.8541,68,17.67,1570766807.328502,1
0,203,223.35,73.36,-0.0541,-0.26,8.0,5,1.0,False,True,96.1721,68,17.67,1570766807.3953655,1
0,204,230.54999999999998,73.48,-0.0241,0.0,5.33,7,1.0,False,True,96.5792,68,17.67,1570766807.460842,1
0,205,238.45000000000002,73.7,0.0015,-0.26,2.67,3,1.0,False,True,97.0264,68,17.67,1570766807.5280411,1
0,206,245.23999999999998,73.92999999999999,0.0127,0.26,2.67,9,1.0,False,True,97.4108,69,17.67,1570766807.5948005,1
0,207,251.28,74.4,0.0363,0.26,2.67,9,0.5,False,True,97.7524,69,17.67,1570766807.6629755,1
0,208,256.8,74.87,0.0538,-0.52,5.33,1,0.5,False,True,98.0651,69,17.67,1570766807.7286935,1
0,209,263.38,75.29,0.054,0.26,2.67,9,0.5,False,True,98.4374,69,17.67,1570766807.7962828,1
0,210,268.8,75.84,0.0693,0.26,2.67,9,0.5,False,True,98.7439,69,17.67,1570766807.862301,1
0,211,274.01,76.44,0.083,0.26,2.67,9,0.5,False,True,99.0386,69,17.67,1570766807.929319,1
0,212,279.38,77.24,0.1008,0.26,2.67,9,0.5,False,True,99.3428,69,17.67,1570766807.9972901,1
0,213,284.6,78.16,0.1244,0.26,2.67,9,0.5,False,True,99.6382,70,17.67,1570766808.0630448,1
0,214,290.2,79.29,0.1491,-0.26,8.0,5,0.5,False,True,99.9551,70,17.67,1570766808.1296153,1
0,215,297.01,80.66,0.1698,0.0,8.0,8,0.5,True,True,100.0,0,17.67,1570766808.1958468,1
1,0,305.0,68.32000000000001,0.0004,0.0,0.0,0,1.0,False,True,0.792,0,17.67,1570766808.7972755,1
1,1,305.01,68.33,0.0007,-0.26,8.0,5,1.0,False,True,0.793,0,17.67,1570766808.9391005,1
1,2,305.81,68.33,0.0012,-0.26,8.0,5,1.0,False,True,0.838,0,17.67,1570766808.9965222,1
1,3,308.36,68.26,-0.0034,-0.26,8.0,5,1.0,False,True,0.9826,0,17.67,1570766809.0649896,1
1,4,312.01,68.07,-0.0143,-0.26,8.0,5,1.0,False,True,1.1889,1,17.67,1570766809.1277146,1
1,5,317.38,67.73,-0.032,0.26,2.67,9,1.0,False,True,1.493,1,17.67,1570766809.198764,1
1,6,323.26,67.38,-0.0415,0.0,5.33,7,1.0,False,True,1.8255,1,17.67,1570766809.2645054,1
1,7,329.89000000000004,66.93,-0.0548,0.26,2.67,9,1.0,False,True,2.2006,1,17.67,1570766809.3307257,1
1,8,335.72,66.69,-0.0488,0.26,2.67,9,1.0,False,True,2.5308,1,17.67,1570766809.443219,1
1,9,341.33,66.64,-0.0351,0.0,5.33,7,1.0,False,True,2.8481,2,17.67,1570766809.4648962,1
1,10,346.94,66.7,-0.0241,0.26,2.67,9,1.0,False,True,3.1654,2,17.67,1570766809.5300756,1
1,11,353.28,66.86999999999999,-0.0049,0.0,5.33,7,1.0,False,True,3.5244,3,17.67,1570766809.5993538,1
1,12,360.08,67.24,0.0134,0.26,2.67,9,1.0,False,True,3.9091,3,17.67,1570766809.66666,1
1,13,366.38,67.83,0.0437,0.26,2.67,9,1.0,False,True,4.2658,3,17.67,1570766809.736798,1
1,14,372.1,68.47,0.0669,-0.52,5.33,1,1.0,False,True,4.589,3,17.67,1570766809.798608,1
1,15,379.45000000000005,68.95,0.0655,-0.52,5.33,1,1.0,False,True,5.005,3,17.67,1570766809.8671231,1
1,16,388.05,69.01,0.0373,-0.52,5.33,1,1.0,False,True,5.4919,3,17.67,1570766809.9324229,1
1,17,397.76,68.39,-0.0145,-0.52,5.33,1,1.0,False,True,6.0413,4,17.67,1570766809.998239,1
1,18,408.78,66.86999999999999,-0.0849,-0.26,8.0,5,1.0,False,True,6.665,4,17.67,1570766810.0659344,1
1,19,420.95000000000005,64.59,-0.1731,0.52,2.67,12,1.0,False,True,7.3534,4,17.67,1570766810.13967,1
1,20,431.03999999999996,62.3,-0.2057,0.26,5.33,10,0.5,False,True,7.9243,4,17.67,1570766810.202096,1
1,21,440.96999999999997,59.98,-0.2195,0.26,2.67,9,0.5,False,True,8.4866,5,17.67,1570766810.2663026,1
1,22,450.23999999999995,57.78,-0.2267,0.0,5.33,7,0.5,False,True,9.0109,5,17.67,1570766810.3321848,1
1,23,460.01000000000005,55.1,-0.2447,-0.26,2.67,3,0.5,False,True,9.5634,6,17.67,1570766810.3993003,1
1,24,468.14,52.61,-0.2699,0.0,2.67,6,0.1,False,True,10.0239,6,17.67,1570766810.4651136,1
1,25,475.34999999999997,50.56,-0.273,0.52,2.67,12,0.1,False,True,10.4315,6,17.67,1570766810.5322871,1
1,26,481.82,49.0,-0.2586,0.52,2.67,12,0.1,False,True,10.798,6,17.67,1570766810.599968,1
1,27,487.58,47.97,-0.2305,0.0,2.67,6,0.1,False,True,11.1238,6,17.67,1570766810.6665552,1
1,28,492.82000000000005,47.02,-0.214,0.0,2.67,6,0.1,False,True,11.4203,6,17.67,1570766810.7328303,1
1,29,498.12,46.12,-0.2002,0.0,2.67,6,0.1,False,True,11.72,7,17.67,1570766810.7982678,1
1,30,503.49,45.26,-0.1867,0.0,2.67,6,0.1,False,False,12.024,7,17.67,1570766810.8661954,1
1,31,508.71000000000004,44.54,-0.1729,0.52,2.67,12,0.1,False,False,12.3192,7,17.67,1570766810.931564,1
1,32,514.23,44.11,-0.1424,0.52,2.67,12,0.1,False,False,12.6313,7,17.67,1570766811.000052,1
1,33,519.51,43.919999999999995,-0.1091,0.0,2.67,6,0.1,False,False,12.9304,7,17.67,1570766811.0658138,1
1,34,524.79,43.75,-0.0852,0.0,2.67,6,0.1,False,False,13.2294,7,17.67,1570766811.1314244,1
1,35,530.31,43.65,-0.0638,0.0,2.67,6,0.1,False,False,13.5416,7,17.67,1570766811.199819,1
1,36,535.5699999999999,43.57,-0.0489,0.0,2.67,6,0.1,False,False,13.8389,7,17.67,1570766811.26413,1
1,37,541.1800000000001,43.56,-0.0336,0.0,2.67,6,0.1,False,False,14.1567,8,17.67,1570766811.3338835,1
1,38,546.4699999999999,43.54,-0.0239,0.0,2.67,6,0.1,False,False,14.4558,8,17.67,1570766811.3990245,1
1,39,551.98,43.69,-0.0089,0.26,2.67,9,0.1,False,False,14.7679,8,17.67,1570766811.4668388,1
1,40,557.41,44.019999999999996,0.0134,0.26,2.67,9,0.1,False,False,15.0748,8,17.67,1570766811.5328557,1
1,41,562.7900000000001,44.54,0.0367,0.26,2.67,9,0.1,False,False,15.3795,9,17.67,1570766811.6007328,1
1,42,568.29,45.190000000000005,0.0632,-0.26,2.67,3,0.1,False,True,15.6909,9,17.67,1570766811.6678932,1
1,43,573.6500000000001,45.75,0.0756,-0.26,2.67,3,0.1,False,True,15.994,9,17.67,1570766811.7499194,1
1,44,579.11,46.27,0.0816,-0.26,2.67,3,0.1,False,True,16.2838,9,17.67,1570766811.8009207,1
1,45,584.51,46.67,0.0801,-0.26,2.67,3,0.1,False,True,16.5899,9,17.67,1570766811.8746936,1
1,46,589.71,46.949999999999996,0.0727,-0.26,2.67,3,0.1,False,True,16.8845,9,17.67,1570766811.932711,1
1,47,595.12,47.099999999999994,0.0584,-0.26,2.67,3,0.1,False,True,17.1909,9,17.67,1570766812.0001333,1
1,48,600.54,47.07,0.0416,-0.26,2.67,3,0.1,False,True,17.497,9,17.67,1570766812.0670106,1
1,49,606.48,46.96,0.0215,0.26,8.0,11,0.1,False,True,17.8333,10,17.67,1570766812.1350768,1
1,50,613.6,46.97,0.0131,0.26,8.0,11,0.1,False,True,18.2362,10,17.67,1570766812.1991112,1
1,51,621.35,47.33,0.02,0.52,2.67,12,0.1,False,True,18.6748,10,17.67,1570766812.2676303,1
1,52,627.9499999999999,47.870000000000005,0.0425,0.0,2.67,6,0.1,False,True,19.0489,10,17.67,1570766812.3327594,1
1,53,633.8,48.46,0.0628,0.0,2.67,6,0.1,False,True,19.2594,10,17.67,1570766812.3992183,1
1,54,639.94,49.21,0.0848,0.26,5.33,10,0.1,False,True,19.6096,10,17.67,1570766812.467639,1
1,55,652.58,52.26,0.1855,0.52,5.33,13,0.1,False,True,20.2883,12,17.67,1570766812.6227562,1
1,56,661.65,55.83,0.2845,0.52,5.33,13,0.1,False,True,20.5906,12,17.67,1570766812.6443055,1
1,57,664.91,57.36,0.3213,0.26,2.67,9,0.1,False,True,20.7941,12,17.67,1570766812.668145,1
1,58,672.6899999999999,61.660000000000004,0.4127,0.0,2.67,6,0.1,False,True,21.2941,13,17.67,1570766812.7370296,1
1,59,679.28,65.92,0.4848,0.52,2.67,12,0.1,False,True,21.5761,13,17.67,1570766812.8035161,1
1,60,684.46,70.17,0.5635,0.52,2.67,12,0.1,False,True,21.9519,13,17.67,1570766812.868558,1
1,61,689.1700000000001,74.88,0.6501,0.52,8.0,14,0.5,False,True,22.3191,14,17.67,1570766812.935308,1
1,62,694.05,81.28,0.7712,0.52,8.0,14,0.5,False,True,22.666,14,17.67,1570766813.001212,1
1,63,698.55,88.78,0.9134,0.26,2.67,9,0.5,False,True,23.1301,15,17.67,1570766813.068517,1
1,64,702.36,96.78999999999999,1.0575,0.0,5.33,7,1.0,False,True,23.5767,15,17.67,1570766813.1377804,1
1,65,704.9000000000001,105.08999999999999,1.1904,0.52,2.67,12,1.0,False,True,23.9737,15,17.67,1570766813.2028172,1
1,66,706.06,112.89,1.297,0.26,2.67,9,1.0,False,True,24.366,16,17.67,1570766813.2702737,1
1,67,706.62,120.08000000000001,1.3784,-0.26,5.33,4,1.0,False,True,24.7566,16,17.67,1570766813.340748,1
1,68,706.88,129.29,1.4613,0.0,5.33,7,0.5,False,True,25.2205,17,17.67,1570766813.4079123,1
1,69,706.63,139.28,1.531,-0.26,5.33,4,0.5,False,True,25.9265,17,17.67,1570766813.4701777,1
1,70,706.1899999999999,149.48999999999998,1.5715,0.26,5.33,10,0.1,False,True,26.4842,17,17.67,1570766813.5350385,1
1,71,705.1,160.05,1.6217,0.26,5.33,10,0.1,False,True,27.053,18,17.67,1570766813.6002133,1
1,72,703.56,170.82,1.67,-0.26,5.33,4,0.1,False,False,27.6278,18,17.67,1570766813.6677186,1
1,73,702.08,181.57000000000002,1.6902,-0.26,5.33,4,0.1,False,True,29.0365,20,17.67,1570766813.7352116,1
1,74,700.41,192.73,1.7074,0.0,8.0,8,0.1,False,False,29.6623,20,17.67,1570766813.802643,1
1,75,698.17,204.45000000000002,1.7358,0.26,2.67,9,0.1,False,True,30.328,21,17.67,1570766813.869622,1
1,76,695.75,214.32000000000002,1.7766,0.26,2.67,9,0.1,False,True,30.8996,21,17.67,1570766813.9361935,1
1,77,693.1,222.39,1.8267,0.52,2.67,12,0.1,False,True,31.7166,21,17.67,1570766814.0014925,1
1,78,689.83,230.01999999999998,1.8957,0.52,5.33,13,0.1,False,True,32.1705,22,17.67,1570766814.0698051,1
1,79,685.23,237.81,1.9976,0.52,5.33,13,0.5,False,True,32.8601,22,17.67,1570766814.135105,1
1,80,679.25,245.86,2.1083,0.52,5.33,13,0.5,False,True,33.4091,23,17.67,1570766814.2022886,1
1,81,672.44,253.52,2.2086,0.52,5.33,13,0.5,False,True,33.9807,23,17.67,1570766814.2703671,1
1,82,664.73,260.77,2.3085,0.52,8.0,14,0.5,False,True,34.6972,23,17.67,1570766814.3350854,1
1,83,655.68,267.47999999999996,2.4397,0.0,2.67,6,1.0,False,True,35.3158,24,17.67,1570766814.4021416,1
1,84,647.4,272.08,2.575,0.52,2.67,12,1.0,False,True,35.8836,24,17.67,1570766814.470549,1
1,85,639.67,275.15,2.6684,0.52,2.67,12,1.0,False,True,36.3359,24,17.67,1570766814.5357027,1
1,86,632.75,276.79,2.7663,0.26,2.67,9,1.0,False,True,36.7354,24,17.67,1570766814.603943,1
1,87,626.71,277.59999999999997,2.8532,0.26,2.67,9,1.0,False,True,37.0798,25,17.67,1570766814.67108,1
1,88,620.6999999999999,278.0,2.9316,0.0,8.0,8,1.0,False,True,37.4202,25,17.67,1570766814.7362227,1
1,89,613.01,278.16,3.0139,0.0,5.33,7,1.0,False,True,37.8544,25,17.67,1570766814.80476,1
1,90,604.23,277.72,3.0982,0.0,5.33,7,1.0,False,True,38.3448,25,17.67,1570766814.869714,1
1,91,594.4300000000001,276.54,-3.1001,0.0,5.33,7,1.0,False,True,38.9,26,17.67,1570766814.935985,1
1,92,584.1899999999999,274.90000000000003,-3.0387,-0.26,5.33,4,1.0,False,True,39.4801,26,17.67,1570766815.0030203,1
1,93,573.7,273.21,-3.0093,-0.26,5.33,4,1.0,False,True,40.0745,27,17.67,1570766815.070411,1
1,94,562.5899999999999,271.71,-3.0105,-0.52,8.0,2,1.0,False,True,40.7041,28,17.67,1570766815.1373866,1
1,95,550.55,271.09999999999997,-3.0611,-0.52,8.0,2,1.0,False,True,41.3854,28,17.67,1570766815.2023623,1
1,96,535.9,271.72999999999996,3.1338,-0.52,8.0,2,1.0,False,True,42.2139,29,17.67,1570766815.2729852,1
1,97,523.24,273.7,3.0262,-0.52,2.67,0,1.0,False,True,42.9295,29,17.67,1570766815.335883,1
1,98,510.67999999999995,276.96999999999997,2.9151,-0.26,5.33,4,1.0,False,True,43.6385,30,17.67,1570766815.4050102,1
1,99,499.93,281.18,2.8248,-0.26,5.33,4,1.0,False,True,44.2742,31,17.67,1570766815.4723582,1
1,100,490.74,285.86,2.7437,-0.26,5.33,4,0.5,False,True,44.9053,32,17.67,1570766815.5366275,1
1,101,482.02,290.95,2.6571,0.52,2.67,12,0.5,False,True,45.4635,32,17.67,1570766815.605295,1
1,102,474.81,295.49,2.6044,0.0,2.67,6,0.5,False,True,45.9303,33,17.67,1570766815.6730404,1
1,103,468.98,299.69,2.5691,0.0,2.67,6,0.5,False,True,46.3173,33,17.67,1570766815.7391415,1
1,104,464.05,303.37,2.544,0.0,2.67,6,0.1,False,True,46.647,33,17.67,1570766815.8062408,1
1,105,459.71999999999997,306.61,2.5303,0.0,2.67,6,0.5,False,True,47.3165,33,17.67,1570766815.8736167,1
1,106,455.60999999999996,309.69,2.5206,0.0,2.67,6,0.5,False,True,47.6058,33,17.67,1570766815.937258,1
1,107,451.36,312.89,2.513,0.0,2.67,6,0.5,False,True,47.9058,33,17.67,1570766816.005783,1
1,108,446.7,316.46999999999997,2.5036,0.0,5.33,7,0.5,False,True,48.2379,34,17.67,1570766816.0721495,1
1,109,440.99,321.20000000000005,2.4806,-0.26,5.33,4,0.5,False,True,48.657,34,17.67,1570766816.1397362,1
1,110,435.02,327.09000000000003,2.4256,-0.52,5.33,1,0.5,False,True,49.2567,34,17.67,1570766816.205507,1
1,111,429.09,334.29,2.3426,-0.52,5.33,1,0.5,False,True,49.7848,34,17.67,1570766816.2714243,1
1,112,423.73,342.12,2.2531,0.52,2.67,12,0.5,False,True,50.3198,35,17.67,1570766816.3384373,1
1,113,419.00000000000006,349.62,2.1958,0.0,5.33,7,0.1,False,True,50.8178,35,17.67,1570766816.4049087,1
1,114,414.29999999999995,357.49,2.1493,0.26,2.67,9,0.1,False,True,51.3312,36,17.67,1570766816.4733543,1
1,115,410.52,364.23,2.1196,-0.26,2.67,3,0.1,False,True,51.7615,36,17.67,1570766816.5405428,1
1,116,407.47999999999996,370.02000000000004,2.095,0.0,2.67,6,0.1,False,True,52.1248,36,17.67,1570766816.6088953,1
1,117,404.44000000000005,375.86,2.078,0.26,8.0,11,0.1,False,True,52.4891,37,17.67,1570766816.6743882,1
1,118,400.86,382.21,2.0814,0.26,8.0,11,0.1,False,True,52.8957,37,17.67,1570766816.7382789,1
1,119,395.81,389.99,2.1139,0.52,5.33,13,0.1,False,True,53.4173,37,17.67,1570766816.8068628,1
1,120,389.65000000000003,397.92,2.1762,0.52,5.33,13,0.1,False,True,53.9854,38,17.67,1570766816.873338,1
1,121,382.66,405.5,2.2511,0.26,8.0,11,0.1,False,True,54.568,38,17.67,1570766816.93814,1
1,122,374.0,413.56,2.3359,0.26,8.0,11,0.1,False,True,55.2314,39,17.67,1570766817.0046773,1
1,123,364.04,421.42999999999995,2.4342,0.0,5.33,7,0.1,False,True,55.868,39,17.67,1570766817.072644,1
1,124,355.13,427.86999999999995,2.5077,-0.52,2.67,0,0.1,False,True,56.4775,39,17.67,1570766817.1379309,1
1,125,346.11,433.81999999999994,2.5528,0.26,8.0,11,0.5,False,True,57.0716,40,17.67,1570766817.2065,1
1,126,335.49,439.70000000000005,2.6037,0.26,8.0,11,0.5,False,True,57.7234,40,17.67,1570766817.2728224,1
1,127,323.47,445.34000000000003,2.6683,0.26,8.0,11,0.5,False,True,58.3178,41,17.67,1570766817.3404348,1
1,128,310.46,450.15999999999997,2.7518,0.26,2.67,9,0.5,False,True,59.0095,42,17.67,1570766817.4063714,1
1,129,298.89,453.16,2.8409,0.26,2.67,9,1.0,False,True,59.684,43,17.67,1570766817.4727924,1
1,130,288.16,454.95,2.9192,0.26,2.67,9,1.0,False,True,60.2305,44,17.67,1570766817.5396264,1
1,131,278.85,455.66,2.9987,0.26,2.67,9,1.0,False,True,60.747,45,17.67,1570766817.606246,1
1,132,270.26,455.44,3.0797,0.52,5.33,13,1.0,False,True,61.233,45,17.67,1570766817.6719248,1
1,133,260.72,454.15000000000003,-3.1041,0.0,5.33,7,1.0,False,True,61.7731,46,17.67,1570766817.7396445,1
1,134,250.66000000000003,452.04,-3.0141,0.0,5.33,7,1.0,False,True,62.3429,46,17.67,1570766817.807481,1
1,135,241.15000000000003,449.71,-2.9486,-0.52,2.67,0,1.0,False,True,62.8815,46,17.67,1570766817.8723474,1
1,136,233.04999999999998,447.89000000000004,-2.9362,-0.52,2.67,0,1.0,False,True,63.3425,47,17.67,1570766817.938893,1
1,137,225.25,446.42,-2.9447,-0.52,8.0,2,1.0,False,True,63.7861,47,17.67,1570766818.0073178,1
1,138,215.96,445.43999999999994,-2.9926,-0.52,8.0,2,1.0,False,True,64.3136,47,17.67,1570766818.0732722,1
1,139,205.72,445.11,-3.0542,0.0,5.33,7,1.0,False,True,64.8932,48,17.67,1570766818.1403825,1
1,140,195.06,445.11,-3.1014,0.0,5.33,7,1.0,False,True,65.496,48,17.67,1570766818.2084768,1
1,141,184.53,445.58,3.1373,-0.26,5.33,4,1.0,False,True,66.0907,49,17.67,1570766818.2741604,1
1,142,174.07,446.51,3.092,0.52,8.0,14,1.0,False,True,66.6813,49,17.67,1570766818.3394165,1
1,143,162.84,447.39000000000004,3.0779,0.0,5.33,7,1.0,False,True,67.3098,49,17.67,1570766818.4075642,1
1,144,152.12,448.17,3.0738,0.26,5.33,10,1.0,False,True,67.9025,49,17.67,1570766818.4732697,1
1,145,141.17,448.59,3.0917,0.52,8.0,14,1.0,False,True,68.5116,50,17.67,1570766818.5409746,1
1,146,128.33,447.96,-3.1274,0.52,8.0,14,0.5,False,True,69.2348,50,17.67,1570766818.6091957,1
1,147,115.88000000000001,446.11,-3.0422,0.52,2.67,12,0.5,False,True,69.8484,50,17.67,1570766818.6740382,1
1,148,105.0,443.1,-2.938,0.52,2.67,12,0.5,False,True,70.3859,51,17.67,1570766818.7417316,1
1,149,96.07,439.54,-2.8456,0.52,2.67,12,0.1,False,True,70.619,51,17.67,1570766818.8070657,1
1,150,88.75999999999999,435.40999999999997,-2.7442,0.52,2.67,12,0.1,False,True,71.0505,51,17.67,1570766818.8746963,1
1,151,83.5,431.43,-2.6482,0.52,2.67,12,0.1,False,True,71.4067,51,17.67,1570766818.9407756,1
1,152,79.29,427.35,-2.5523,0.52,2.67,12,0.1,False,False,71.7334,51,17.67,1570766819.008198,1
1,153,75.94,423.28000000000003,-2.4602,0.52,2.67,12,0.1,False,False,72.0307,51,17.67,1570766819.0744622,1
1,154,73.16,419.09999999999997,-2.3697,0.52,2.67,12,0.1,False,False,72.3149,52,17.67,1570766819.1412845,1
1,155,70.61,414.56,-2.2804,0.26,5.33,10,0.1,False,True,72.6077,52,17.67,1570766819.2083158,1
1,156,68.13,409.22,-2.1829,0.26,2.67,9,0.1,False,True,72.935,52,17.67,1570766819.2739353,1
1,157,66.28,404.15999999999997,-2.0991,0.26,2.67,9,0.1,False,True,73.2287,52,17.67,1570766819.3433902,1
1,158,64.98,399.16999999999996,-2.0219,0.52,2.67,12,0.1,False,True,73.5008,52,17.67,1570766819.4071379,1
1,159,64.17,394.38,-1.9386,0.52,2.67,12,0.1,False,True,73.7475,52,17.67,1570766819.4743583,1
1,160,63.85999999999999,389.46,-1.8525,0.52,2.67,12,0.5,False,True,73.9841,52,17.67,1570766819.5427158,1
1,161,63.800000000000004,384.61,-1.7748,-0.26,2.67,3,0.5,False,True,74.0216,52,17.67,1570766819.6083455,1
1,162,63.94,379.66,-1.7054,0.52,2.67,12,0.5,False,True,74.194,52,17.67,1570766819.674628,1
1,163,64.46,374.71000000000004,-1.6375,0.26,2.67,9,0.5,False,True,74.4705,52,17.67,1570766819.7417755,1
1,164,65.16999999999999,369.22,-1.5741,0.0,8.0,8,0.5,False,True,74.777,52,17.67,1570766819.808828,1
1,165,66.31,362.46,-1.5072,0.0,5.33,7,1.0,False,True,75.1533,53,17.67,1570766819.8750286,1
1,166,67.66,355.09,-1.4558,-0.52,2.67,0,1.0,False,True,75.5625,53,17.67,1570766819.9414222,1
1,167,68.85,348.01,-1.4306,-0.52,2.67,0,1.0,False,True,75.9203,53,17.67,1570766820.0093858,1
1,168,69.57,342.01,-1.4384,-0.52,2.67,0,1.0,False,True,76.261,53,17.67,1570766820.0745044,1
1,169,70.00999999999999,336.5,-1.4554,-0.52,2.67,0,1.0,False,True,76.5713,53,17.67,1570766820.1418214,1
1,170,70.1,331.17,-1.4859,-0.52,2.67,0,1.0,False,True,76.8679,53,17.67,1570766820.2074275,1
1,171,69.84,325.75,-1.5287,-0.52,2.67,0,0.5,False,True,77.1648,53,17.67,1570766820.2751093,1
1,172,69.34,320.38,-1.5711,-0.26,2.67,3,0.5,False,True,77.4569,53,17.67,1570766820.3432992,1
1,173,68.65,314.84000000000003,-1.6116,0.26,2.67,9,0.5,False,True,77.7558,53,17.67,1570766820.4106736,1
1,174,67.93,309.17,-1.6408,0.0,5.33,7,0.5,False,True,78.0621,54,17.67,1570766820.4764202,1
1,175,66.81,302.13,-1.6769,0.0,5.33,7,0.5,False,True,78.439,54,17.67,1570766820.5429432,1
1,176,65.31,294.36,-1.7215,0.0,2.67,6,0.1,False,True,78.8521,54,17.67,1570766820.6093748,1
1,177,63.77,287.11,-1.7511,0.52,5.33,13,0.1,False,True,79.2366,54,17.67,1570766820.675073,1
1,178,62.55,279.2,-1.7365,0.52,2.67,12,0.1,False,False,79.6606,54,17.67,1570766820.7426648,1
1,179,61.57,272.02000000000004,-1.7249,-0.26,2.67,3,0.1,False,False,80.0473,54,17.67,1570766820.8092988,1
1,180,60.72,265.81,-1.7183,-0.26,2.67,3,0.1,False,False,80.3818,54,17.67,1570766820.875945,1
1,181,59.72,259.36,-1.72,0.52,5.33,13,0.1,False,False,80.7276,55,17.67,1570766820.9436107,1
1,182,59.209999999999994,252.14,-1.6844,0.52,2.67,12,0.001,False,False,81.1216,56,17.67,1570766821.010336,1
1,183,59.209999999999994,245.62,-1.6416,0.52,2.67,12,0.001,False,False,81.4829,56,17.67,1570766821.0754445,1
1,184,59.730000000000004,239.22,-1.584,0.52,5.33,13,0.001,False,False,81.8439,57,17.67,1570766821.1441116,1
1,185,61.25000000000001,231.6,-1.4925,0.52,5.33,13,0.001,False,False,82.2834,57,17.67,1570766821.2100258,1
1,186,64.03,223.0,-1.3778,0.52,8.0,14,0.001,False,False,82.7918,57,17.67,1570766821.2764218,1
1,187,68.25,213.82,-1.2509,0.0,5.33,7,0.001,False,False,83.3489,58,17.67,1570766821.3432178,1
1,188,73.22,205.25000000000003,-1.1366,0.0,2.67,6,0.1,False,False,83.8808,58,17.67,1570766821.4102552,1
1,189,78.57,197.67,-1.0469,0.0,5.33,7,0.1,False,False,84.3621,58,17.67,1570766821.4775448,1
1,190,84.92,189.87,-0.964,0.0,5.33,7,0.1,False,True,84.8672,59,17.67,1570766821.544044,1
1,191,91.44,182.31,-0.8937,-0.52,2.67,0,0.5,False,True,85.3614,59,17.67,1570766821.6100893,1
1,192,97.53,175.22,-0.8778,-0.52,8.0,2,0.5,False,True,85.824,60,17.67,1570766821.68462,1
1,193,103.84,166.93,-0.9107,-0.52,2.67,0,1.0,False,True,86.3557,60,17.67,1570766821.749189,1
1,194,108.69,159.43,-0.9553,-0.52,2.67,0,1.0,False,True,86.8211,60,17.67,1570766821.8175087,1
1,195,112.48,152.26,-1.0145,-0.52,2.67,0,1.0,False,True,87.2673,60,17.67,1570766821.8858953,1
1,196,115.28,145.82,-1.0728,-0.26,5.33,4,1.0,False,True,87.6594,60,17.67,1570766821.9512777,1
1,197,118.33,137.88,-1.1356,0.26,8.0,11,1.0,False,True,88.1371,61,17.67,1570766822.0192297,1
1,198,121.85999999999999,128.73000000000002,-1.1748,0.52,2.67,12,1.0,False,True,88.6881,61,17.67,1570766822.089596,1
1,199,124.86,121.24999999999999,-1.1816,0.0,5.33,7,1.0,False,True,89.1404,61,17.67,1570766822.1462052,1
1,200,128.70999999999998,112.18999999999998,-1.1739,0.52,5.33,13,1.0,False,True,89.7496,62,17.67,1570766822.2149863,1
1,201,134.19,101.53000000000002,-1.1252,0.52,8.0,14,1.0,False,True,90.4838,64,17.67,1570766822.301938,1
1,202,140.17,92.10000000000001,-1.0438,0.0,2.67,6,1.0,False,True,91.1145,65,17.67,1570766822.3506799,1
1,203,146.79,83.42,-0.954,0.52,2.67,12,1.0,False,True,91.7256,66,17.67,1570766822.4158742,1
1,204,153.51999999999998,76.71,-0.8584,0.52,2.67,12,1.0,False,True,92.1908,67,17.67,1570766822.483331,1
1,205,159.57,71.97,-0.7751,0.52,2.67,12,0.5,False,True,92.588,67,17.67,1570766822.5473156,1
1,206,165.73,67.97999999999999,-0.6853,0.26,2.67,9,0.5,False,True,92.9816,67,17.67,1570766822.6186056,1
1,207,171.39,64.86,-0.6172,0.26,2.67,9,0.5,False,True,93.3351,67,17.67,1570766822.6834912,1
1,208,176.47,62.519999999999996,-0.5545,0.26,2.67,9,0.5,False,True,93.6462,68,17.67,1570766822.7505598,1
1,209,181.56,60.5,-0.4967,0.26,2.67,9,0.5,False,True,93.9538,68,17.67,1570766822.8166795,1
1,210,186.49,58.85,-0.4457,0.26,2.67,9,0.5,False,True,94.2471,68,17.67,1570766822.880651,1
1,211,191.81,57.38999999999999,-0.388,0.26,2.67,9,0.5,False,True,94.5589,68,17.67,1570766822.9473572,1
1,212,196.79,56.37,-0.338,0.52,2.67,12,0.5,False,True,94.8465,68,17.67,1570766823.0132709,1
1,213,202.14,55.769999999999996,-0.266,0.52,2.67,12,0.5,False,True,95.0769,68,17.67,1570766823.0793376,1
1,214,207.53,55.50000000000001,-0.1983,0.0,2.67,6,0.5,False,True,95.2762,68,17.67,1570766823.1460626,1
1,215,213.01000000000002,55.410000000000004,-0.1396,0.0,2.67,6,0.5,False,True,95.5866,68,17.67,1570766823.2132518,1
1,216,218.86,55.489999999999995,-0.0874,0.0,5.33,7,0.5,False,True,95.9176,68,17.67,1570766823.2819524,1
1,217,225.31,55.71,-0.0294,-0.26,2.67,3,0.5,False,True,96.2825,68,17.67,1570766823.3495176,1
1,218,230.89,55.910000000000004,-0.0083,-0.26,2.67,3,0.5,False,True,96.5985,68,17.67,1570766823.4127507,1
1,219,236.37,56.15,0.0084,-0.26,2.67,3,0.5,False,True,96.9086,68,17.67,1570766823.4802854,1
1,220,241.7,56.18,0.0074,-0.26,2.67,3,0.5,False,True,97.2102,69,17.67,1570766823.5461588,1
1,221,247.06,56.18,0.0056,-0.26,2.67,3,0.5,False,True,97.5134,69,17.67,1570766823.612257,1
1,222,252.49,56.00000000000001,-0.0063,-0.26,2.67,3,0.5,False,True,97.8208,69,17.67,1570766823.6797404,1
1,223,257.88,55.7,-0.0229,-0.26,2.67,3,0.5,False,True,98.1255,69,17.67,1570766823.7459564,1
1,224,263.36,55.22,-0.0419,-0.26,2.67,3,0.5,False,True,98.4354,69,17.67,1570766823.8148227,1
1,225,269.0,54.48,-0.0715,-0.26,2.67,3,0.5,False,True,98.7546,69,17.67,1570766823.882538,1
1,226,274.07,53.68000000000001,-0.0939,-0.26,2.67,3,0.5,False,True,99.0417,69,17.67,1570766823.946245,1
1,227,279.57,52.55,-0.1292,-0.26,2.67,3,0.1,False,True,99.3531,69,17.67,1570766824.0141969,1
1,228,284.71999999999997,51.300000000000004,-0.1603,-0.26,2.67,3,0.1,False,True,99.6441,70,17.67,1570766824.0812669,1
1,229,290.47,49.69,-0.1999,0.26,8.0,11,0.1,False,True,99.9695,70,17.67,1570766824.146807,1
1,230,296.91999999999996,47.83,-0.2409,0.0,2.67,6,0.1,True,True,100.0,0,17.67,1570766824.2145562,1
2,0,305.0,68.32000000000001,0.0003,0.0,0.0,0,1.0,False,True,0.7922,0,17.67,1570766824.7468746,1
2,1,305.01,68.32000000000001,0.0006,-0.26,8.0,5,1.0,False,True,0.793,0,17.67,1570766824.908041,1
2,2,305.41999999999996,68.31,-0.0002,-0.26,8.0,5,1.0,False,True,0.816,0,17.67,1570766824.9476056,1
2,3,307.35,68.17,-0.0091,-0.26,8.0,5,1.0,False,True,0.9254,0,17.67,1570766825.0142221,1
2,4,310.78999999999996,67.82000000000001,-0.0297,-0.26,8.0,5,1.0,False,True,1.1201,0,17.67,1570766825.0828786,1
2,5,315.62,67.25,-0.0579,0.26,2.67,9,1.0,False,True,1.3934,1,17.67,1570766825.148484,1
2,6,321.31,66.58,-0.0787,0.0,5.33,7,1.0,False,True,1.7149,1,17.67,1570766825.2164164,1
2,7,327.53000000000003,65.77,-0.1005,0.52,2.67,12,1.0,False,True,2.0673,1,17.67,1570766825.282326,1
2,8,333.25,65.35,-0.0928,0.52,2.67,12,1.0,False,True,2.3908,1,17.67,1570766825.3487823,1
2,9,338.5,65.25,-0.0763,0.52,2.67,12,1.0,False,True,2.6881,2,17.67,1570766825.414284,1
2,10,344.06,65.48,-0.0409,0.52,2.67,12,1.0,False,True,3.0025,2,17.67,1570766825.482837,1
2,11,349.71000000000004,65.97,-0.0012,0.26,5.33,10,1.0,False,True,3.322,2,17.67,1570766825.5493531,1
2,12,356.46,66.73,0.0435,0.0,5.33,7,1.0,False,True,3.7042,3,17.67,1570766825.6146631,1
2,13,364.99,67.71000000000001,0.0764,-0.52,5.33,1,1.0,False,True,4.1868,3,17.67,1570766825.6815841,1
2,14,374.98,68.45,0.0746,-0.52,5.33,1,1.0,False,True,4.7525,3,17.67,1570766825.7486773,1
2,15,385.69,68.67999999999999,0.0472,-0.52,5.33,1,1.0,False,True,5.3586,3,17.67,1570766825.817452,1
2,16,396.09999999999997,68.21000000000001,0.0006,-0.52,5.33,1,1.0,False,True,5.9475,4,17.67,1570766825.8835962,1
2,17,406.71999999999997,67.11,-0.0606,0.26,2.67,9,1.0,False,True,6.5481,4,17.67,1570766825.9510045,1
2,18,415.48999999999995,66.2,-0.0815,0.52,2.67,12,1.0,False,True,7.0445,4,17.67,1570766826.016682,1
2,19,423.20000000000005,65.75999999999999,-0.0694,0.52,2.67,12,1.0,False,True,7.4807,4,17.67,1570766826.0836859,1
2,20,429.73999999999995,65.75999999999999,-0.0427,0.52,2.67,12,1.0,False,True,7.8507,4,17.67,1570766826.1486425,1
2,21,436.36999999999995,66.08000000000001,-0.0079,0.0,5.33,7,1.0,False,True,8.2263,5,17.67,1570766826.2162478,1
2,22,443.70000000000005,66.73,0.0328,0.52,2.67,12,1.0,False,True,8.641,5,17.67,1570766826.2841783,1
2,23,450.04999999999995,67.67999999999999,0.0769,0.26,2.67,9,1.0,False,True,9.0002,5,17.67,1570766826.349924,1
2,24,456.47,68.89999999999999,0.12,-0.52,5.33,1,1.0,False,True,9.3634,6,17.67,1570766826.4177976,1
2,25,464.21000000000004,70.1,0.1331,-0.52,5.33,1,1.0,False,True,9.8018,6,17.67,1570766826.4857168,1
2,26,472.33,71.1,0.1243,0.26,2.67,9,1.0,False,True,10.261,6,17.67,1570766826.5497794,1
2,27,479.65999999999997,72.25,0.1384,0.26,2.67,9,1.0,False,True,10.676,6,17.67,1570766826.6181257,1
2,28,487.15999999999997,73.4,0.1435,-0.52,8.0,2,1.0,False,True,11.1006,6,17.67,1570766826.6865945,1
2,29,494.97999999999996,74.16,0.1154,-0.52,2.67,0,1.0,False,True,11.5431,7,17.67,1570766826.7493117,1
2,30,502.29999999999995,74.63,0.0933,0.26,2.67,9,0.5,False,True,11.9574,7,17.67,1570766826.8178253,1
2,31,508.83000000000004,74.99,0.0782,0.26,2.67,9,0.5,False,True,12.3266,7,17.67,1570766826.8844063,1
2,32,515.2,75.46000000000001,0.0759,-0.52,8.0,2,0.5,False,True,12.6871,7,17.67,1570766826.9509385,1
2,33,522.23,75.7,0.0606,0.26,2.67,9,0.5,False,True,13.0848,7,17.67,1570766827.0170903,1
2,34,529.08,75.82,0.0433,-0.52,8.0,2,0.5,False,True,13.4726,7,17.67,1570766827.085827,1
2,35,536.61,75.35,-0.0165,-0.52,2.67,0,0.5,False,True,13.8988,7,17.67,1570766827.151429,1
2,36,543.28,74.24,-0.0761,-0.52,2.67,0,1.0,False,True,14.276,8,17.67,1570766827.2185595,1
2,37,549.45,72.8,-0.1329,0.0,5.33,7,1.0,False,True,14.6253,8,17.67,1570766827.2840347,1
2,38,556.39,71.07,-0.1916,0.26,2.67,9,1.0,False,True,15.018,8,17.67,1570766827.3513405,1
2,39,562.66,69.31,-0.2233,-0.26,2.67,3,1.0,False,True,15.3724,9,17.67,1570766827.4181848,1
2,40,568.1899999999999,67.52,-0.2591,0.0,2.67,6,1.0,False,True,15.6854,9,17.67,1570766827.4857113,1
2,41,573.63,65.86999999999999,-0.2702,0.26,8.0,11,1.0,False,True,15.9931,9,17.67,1570766827.550379,1
2,42,580.95,63.739999999999995,-0.2738,0.26,8.0,11,1.0,False,True,16.4036,9,17.67,1570766827.6195936,1
2,43,588.63,61.94,-0.2602,0.52,2.67,12,0.5,False,True,16.8363,9,17.67,1570766827.6846945,1
2,44,595.4399999999999,60.88,-0.2192,0.52,2.67,12,0.5,False,True,17.2206,9,17.67,1570766827.7512789,1
2,45,601.1999999999999,60.27,-0.1834,-0.26,2.67,3,0.5,False,True,17.5463,9,17.67,1570766827.8186114,1
2,46,606.73,59.75,-0.1565,0.52,2.67,12,0.5,False,True,17.8589,10,17.67,1570766827.8870633,1
2,47,611.99,59.51,-0.1258,-0.26,2.67,3,0.5,False,True,18.1563,10,17.67,1570766827.9510875,1
2,48,617.4000000000001,59.099999999999994,-0.1108,-0.26,2.67,3,0.5,False,True,18.462,10,17.67,1570766828.0191119,1
2,49,622.91,58.720000000000006,-0.0979,-0.26,2.67,3,0.5,False,True,18.773,10,17.67,1570766828.0851967,1
2,50,628.06,58.15,-0.1018,-0.26,2.67,3,0.5,False,True,19.0642,10,17.67,1570766828.1503482,1
2,51,633.54,57.64,-0.0992,0.52,2.67,12,0.5,False,True,19.3055,10,17.67,1570766828.2186742,1
2,52,639.49,57.35,-0.0818,0.52,5.33,13,0.5,False,True,19.6377,11,17.67,1570766828.286055,1
2,53,645.87,57.43000000000001,-0.0354,0.26,2.67,9,0.5,False,True,19.9968,11,17.67,1570766828.3520718,1
2,54,652.48,57.87,0.0053,0.26,5.33,10,0.5,False,True,20.3344,12,17.67,1570766828.4195912,1
2,55,660.26,58.87,0.0593,0.26,5.33,10,0.1,False,True,20.5832,12,17.67,1570766828.4858084,1
2,56,668.5,60.73,0.1447,0.52,2.67,12,0.1,False,True,21.0547,13,17.67,1570766828.5513184,1
2,57,675.51,63.32,0.2379,0.52,2.67,12,0.1,False,True,21.477,13,17.67,1570766828.618979,1
2,58,682.2,66.64,0.333,0.52,8.0,14,0.1,False,True,21.7377,13,17.67,1570766828.6865861,1
2,59,689.28,71.19,0.4541,0.0,5.33,7,0.1,False,True,22.2139,14,17.67,1570766828.751919,1
2,60,696.45,77.0,0.5898,0.26,2.67,9,0.1,False,True,22.6207,14,17.67,1570766828.8204327,1
2,61,701.92,82.67,0.7027,0.0,2.67,6,0.1,False,True,23.0626,15,17.67,1570766828.8869762,1
2,62,706.3100000000001,88.1,0.7798,0.52,2.67,12,0.5,False,True,23.4486,15,17.67,1570766828.9542582,1
2,63,709.98,93.94,0.8698,0.52,8.0,14,0.5,False,True,23.6419,15,17.67,1570766829.0209806,1
2,64,713.33,100.49999999999999,0.9753,-0.26,2.67,3,0.5,False,True,24.0523,15,17.67,1570766829.0876124,1
2,65,715.86,106.39,1.0471,0.26,2.67,9,0.5,False,True,24.4048,16,17.67,1570766829.1539047,1
2,66,717.8,112.25,1.1214,0.26,8.0,11,0.5,False,True,24.731,16,17.67,1570766829.2207243,1
2,67,719.5,119.47000000000001,1.212,0.26,5.33,10,1.0,False,True,25.077,17,17.67,1570766829.2857635,1
2,68,720.6800000000001,127.99000000000001,1.3163,0.26,5.33,10,1.0,False,True,25.481,17,17.67,1570766829.3533814,1
2,69,721.19,137.83,1.4206,0.0,5.33,7,1.0,False,True,26.0299,17,17.67,1570766829.4201794,1
2,70,720.9,148.01999999999998,1.518,0.52,8.0,14,1.0,False,True,26.5886,17,17.67,1570766829.4853048,1
2,71,719.02,159.95,1.6478,0.52,8.0,14,1.0,False,True,27.2232,18,17.67,1570766829.5533185,1
2,72,715.78,171.43,1.8065,0.0,2.67,6,0.5,False,True,27.8152,18,17.67,1570766829.6185703,1
2,73,711.63,182.0,1.9877,0.0,5.33,7,0.1,False,True,28.6876,20,17.67,1570766829.6869702,1
2,74,706.22,191.73,2.1155,-0.26,5.33,4,0.1,False,True,29.4958,20,17.67,1570766829.7591913,1
2,75,700.35,199.5,2.1845,0.26,5.33,10,0.1,False,True,30.0227,20,17.67,1570766829.820144,1
2,76,693.35,207.14999999999998,2.2526,0.26,5.33,10,0.1,False,False,30.5659,21,17.67,1570766829.8890345,1
2,77,686.1500000000001,214.25,2.31,0.0,5.33,7,0.1,False,False,31.0837,21,17.67,1570766829.9534495,1
2,78,678.25,221.74,2.3496,0.0,5.33,7,0.1,False,False,32.5992,22,17.67,1570766830.0216208,1
2,79,670.39,228.57,2.3892,0.26,5.33,10,0.1,False,False,33.1881,22,17.67,1570766830.0889072,1
2,80,662.42,234.43,2.4455,0.52,2.67,12,0.1,False,False,33.7475,23,17.67,1570766830.1538432,1
2,81,654.51,239.37,2.5151,0.0,5.33,7,0.1,False,False,34.7665,23,17.67,1570766830.2209594,1
2,82,645.66,244.37000000000003,2.5748,0.0,5.33,7,0.1,False,False,35.8218,24,17.67,1570766830.2876604,1
2,83,636.34,249.18,2.6232,0.0,5.33,7,0.1,False,False,36.3741,24,17.67,1570766830.3549695,1
2,84,626.9499999999999,253.69000000000003,2.6604,0.0,5.33,7,0.1,False,False,36.9286,25,17.67,1570766830.4214282,1
2,85,617.26,258.1,2.6892,0.0,5.33,7,0.1,False,True,37.4994,25,17.67,1570766830.4879682,1
2,86,607.62,262.31,2.7109,0.0,5.33,7,0.5,False,True,38.0666,25,17.67,1570766830.5541482,1
2,87,597.62,266.54,2.7277,0.0,5.33,7,0.5,False,True,38.7243,26,17.67,1570766830.6227908,1
2,88,587.72,270.63,2.7398,0.0,5.33,7,0.5,False,True,39.2823,26,17.67,1570766830.689386,1
2,89,578.09,274.54,2.7485,0.0,5.33,7,1.0,False,True,39.8253,27,17.67,1570766830.7533247,1
2,90,568.61,278.07,2.7687,0.26,2.67,9,1.0,False,True,40.36,28,17.67,1570766830.8214211,1
2,91,560.25,280.76,2.7988,0.26,2.67,9,1.0,False,True,40.8321,28,17.67,1570766830.8894763,1
2,92,552.4499999999999,282.90000000000003,2.8317,0.0,5.33,7,1.0,False,True,41.2724,28,17.67,1570766830.955213,1
2,93,544.57,285.15000000000003,2.8471,-0.26,2.67,3,0.5,False,True,41.7172,28,17.67,1570766831.0216315,1
2,94,537.49,287.3,2.847,-0.26,2.67,3,0.5,False,True,42.1168,29,17.67,1570766831.0881708,1
2,95,531.71,289.14,2.8411,0.0,2.67,6,0.5,False,True,42.4428,29,17.67,1570766831.1542451,1
2,96,526.4300000000001,290.71,2.8455,0.0,2.67,6,0.5,False,True,42.7409,29,17.67,1570766831.2207718,1
2,97,521.33,292.31,2.8424,0.0,2.67,6,0.1,False,True,43.0286,29,17.67,1570766831.2882597,1
2,98,516.29,293.92,2.8397,-0.26,2.67,3,0.1,False,True,43.3132,29,17.67,1570766831.354481,1
2,99,511.17,295.71999999999997,2.8277,-0.26,2.67,3,0.1,False,True,43.6022,30,17.67,1570766831.4229324,1
2,100,506.24,297.62,2.8127,-0.26,2.67,3,0.1,False,True,43.8802,30,17.67,1570766831.4886339,1
2,101,501.25,299.57,2.7988,0.26,2.67,9,0.1,False,True,44.3107,31,17.67,1570766831.5556762,1
2,102,496.3,301.44,2.7925,0.26,2.67,9,0.1,False,True,44.8763,32,17.67,1570766831.621834,1
2,103,491.09,303.29,2.7959,0.26,2.67,9,0.1,False,True,45.1894,32,17.67,1570766831.6905723,1
2,104,486.28,305.03,2.7956,0.0,2.67,6,0.1,False,True,45.4783,32,17.67,1570766831.7550304,1
2,105,481.21999999999997,306.84,2.7964,0.0,2.67,6,0.1,False,False,45.7822,33,17.67,1570766831.8217494,1
2,106,475.81,308.94,2.7877,-0.26,8.0,5,0.1,False,False,46.1103,33,17.67,1570766831.8889022,1
2,107,469.86,311.34,2.7632,0.0,2.67,6,0.1,False,True,46.4722,33,17.67,1570766831.9553943,1
2,108,464.49999999999994,313.58000000000004,2.7572,0.0,2.67,6,0.1,False,False,47.3756,33,17.67,1570766832.023946,1
2,109,459.53999999999996,315.55,2.7592,0.52,2.67,12,0.1,False,False,47.6599,33,17.67,1570766832.0926175,1
2,110,454.08,317.56,2.7699,-0.26,5.33,4,0.1,False,True,47.9665,33,17.67,1570766832.1584308,1
2,111,447.36,320.2,2.7698,-0.26,5.33,4,0.1,False,True,48.3499,34,17.67,1570766832.2237606,1
2,112,440.27000000000004,323.44,2.7446,-0.52,2.67,0,0.5,False,True,48.7714,34,17.67,1570766832.2905505,1
2,113,434.30999999999995,326.74,2.7016,-0.52,2.67,0,0.5,False,True,49.2671,34,17.67,1570766832.3568451,1
2,114,429.03000000000003,330.06,2.6575,-0.26,5.33,4,0.5,False,True,49.6011,34,17.67,1570766832.4235597,1
2,115,423.59999999999997,334.07,2.5961,-0.52,2.67,0,0.5,False,True,49.9713,35,17.67,1570766832.4911938,1
2,116,419.45,337.59999999999997,2.5448,0.26,2.67,9,0.5,False,True,50.2743,35,17.67,1570766832.5546708,1
2,117,415.53000000000003,341.14,2.5016,-0.52,2.67,0,0.5,False,True,50.5697,35,17.67,1570766832.6234584,1
2,118,411.88,344.98,2.4483,-0.52,2.67,0,0.5,False,True,50.8687,35,17.67,1570766832.6913822,1
2,119,408.26000000000005,349.53,2.3776,-0.52,5.33,1,0.5,False,True,51.1978,36,17.67,1570766832.7590923,1
2,120,404.92999999999995,354.76,2.2929,-0.52,2.67,0,0.5,False,True,51.5463,36,17.67,1570766832.8258758,1
2,121,402.05,360.21000000000004,2.2079,0.0,5.33,7,0.5,False,True,51.8883,36,17.67,1570766832.8928847,1
2,122,399.3,366.09,2.1345,0.0,2.67,6,0.5,False,True,52.2445,36,17.67,1570766832.9556093,1
2,123,396.96,371.44,2.0827,0.26,2.67,9,0.5,False,True,52.5631,37,17.67,1570766833.0246334,1
2,124,394.85,376.37,2.0484,-0.26,2.67,3,0.5,False,True,52.8545,37,17.67,1570766833.0916142,1
2,125,392.85,381.5,2.0137,0.26,8.0,11,0.5,False,True,53.1513,37,17.67,1570766833.15746,1
2,126,389.97,388.26,1.9955,0.52,5.33,13,0.1,False,True,53.5504,37,17.67,1570766833.2254806,1
2,127,386.47999999999996,395.3,2.0122,0.52,5.33,13,0.1,False,True,53.984,38,17.67,1570766833.2897062,1
2,128,381.52,403.53000000000003,2.0653,0.52,5.33,13,0.1,False,True,54.5223,38,17.67,1570766833.358257,1
2,129,375.56,411.59999999999997,2.1406,0.52,5.33,13,0.1,False,True,55.0894,39,17.67,1570766833.426505,1
2,130,369.16,418.90999999999997,2.2313,0.0,2.67,6,0.1,False,True,55.5666,39,17.67,1570766833.4911847,1
2,131,363.14000000000004,424.58,2.309,0.52,2.67,12,0.1,False,True,56.0338,39,17.67,1570766833.5568419,1
2,132,357.49,429.06000000000006,2.3862,0.0,2.67,6,0.1,False,True,56.4369,39,17.67,1570766833.6242275,1
2,133,351.78,432.93,2.4518,0.52,8.0,14,0.1,False,True,56.8165,40,17.67,1570766833.6915572,1
2,134,345.49,436.57000000000005,2.5385,-0.26,2.67,3,0.1,False,True,57.2095,40,17.67,1570766833.7580988,1
2,135,339.86,439.43,2.5923,0.26,2.67,9,0.5,False,True,57.5448,40,17.67,1570766833.824911,1
2,136,334.81,441.56000000000006,2.6408,0.26,2.67,9,0.5,False,True,57.7622,40,17.67,1570766833.8913267,1
2,137,329.96,443.37,2.6854,0.26,2.67,9,0.5,False,True,57.947,40,17.67,1570766833.956835,1
2,138,325.15,445.08,2.7206,0.0,2.67,6,0.5,False,True,58.229,41,17.67,1570766834.0237584,1
2,139,319.76,446.89,2.7534,0.0,8.0,8,0.5,False,True,58.5123,41,17.67,1570766834.0910776,1
2,140,313.24,448.86999999999995,2.7892,0.0,8.0,8,0.5,False,True,58.891,42,17.67,1570766834.1571078,1
2,141,304.69,451.17,2.8321,0.0,8.0,8,1.0,False,True,59.337,42,17.67,1570766834.225838,1
2,142,296.26,452.95,2.8829,0.26,2.67,9,1.0,False,True,59.7783,43,17.67,1570766834.2902853,1
2,143,287.88,454.33000000000004,2.927,0.0,8.0,8,1.0,False,True,60.2425,44,17.67,1570766834.3573177,1
2,144,278.26,455.40000000000003,2.9814,0.26,8.0,11,1.0,False,True,60.7804,45,17.67,1570766834.4235392,1
2,145,267.3,455.56,3.0622,0.52,5.33,13,1.0,False,True,61.4005,45,17.67,1570766834.4919043,1
2,146,257.03000000000003,454.8,-3.1393,0.0,5.33,7,1.0,False,True,61.9818,46,17.67,1570766834.5575092,1
2,147,247.08999999999997,453.46000000000004,-3.0704,0.0,5.33,7,1.0,False,True,62.5393,46,17.67,1570766834.6243858,1
2,148,236.35999999999999,451.53,-3.0116,0.0,5.33,7,1.0,False,True,63.1497,47,17.67,1570766834.693342,1
2,149,226.58,449.62,-2.9775,-0.52,2.67,0,1.0,False,True,63.7056,47,17.67,1570766834.7587247,1
2,150,217.97,448.15,-2.9727,-0.52,2.67,0,1.0,False,True,64.1952,47,17.67,1570766834.8247733,1
2,151,209.66,446.98,-2.9862,0.0,5.33,7,1.0,False,True,64.6671,48,17.67,1570766834.8937647,1
2,152,200.76,445.81,-2.9978,0.0,5.33,7,1.0,False,True,65.1722,48,17.67,1570766834.9598422,1
2,153,190.76,444.57000000000005,-3.0091,0.0,5.33,7,1.0,False,True,65.7402,48,17.67,1570766835.0285022,1
2,154,180.13,443.53,-3.0286,-0.26,5.33,4,1.0,False,True,66.3431,49,17.67,1570766835.0942981,1
2,155,169.31,442.73999999999995,-3.0501,0.26,8.0,11,1.0,False,True,66.9878,49,17.67,1570766835.1594365,1
2,156,157.97,441.65000000000003,-3.037,0.26,2.67,9,1.0,False,True,67.6312,49,17.67,1570766835.227311,1
2,157,147.6,440.28000000000003,-3.0205,0.52,8.0,14,1.0,False,True,68.2233,49,17.67,1570766835.2933812,1
2,158,136.54999999999998,438.03000000000003,-2.9727,0.0,5.33,7,1.0,False,True,68.8607,50,17.67,1570766835.3602598,1
2,159,126.35000000000001,435.41999999999996,-2.9308,0.52,5.33,13,1.0,False,True,69.4536,50,17.67,1570766835.4264898,1
2,160,116.46000000000001,432.04,-2.8702,0.52,5.33,13,1.0,False,True,70.1715,51,17.67,1570766835.4938986,1
2,161,106.80000000000001,427.73,-2.7887,0.52,8.0,14,1.0,False,True,70.8077,51,17.67,1570766835.5592606,1
2,162,97.02,421.99,-2.6748,0.0,2.67,6,1.0,False,True,71.3945,51,17.67,1570766835.6289296,1
2,163,89.14999999999999,416.19,-2.5817,0.52,2.67,12,0.5,False,True,71.9207,51,17.67,1570766835.6938963,1
2,164,83.14,410.62,-2.4969,0.26,2.67,9,0.5,False,True,72.3754,52,17.67,1570766835.7585225,1
2,165,78.39,405.30999999999995,-2.4145,0.52,2.67,12,0.5,False,True,72.7763,52,17.67,1570766835.8272662,1
2,166,74.85000000000001,400.33000000000004,-2.3334,0.52,2.67,12,0.5,False,True,73.1219,52,17.67,1570766835.8937979,1
2,167,72.2,395.54,-2.2534,0.52,2.67,12,0.5,False,True,73.4294,52,17.67,1570766835.959553,1
2,168,70.09,390.78,-2.1721,0.52,2.67,12,0.5,False,True,73.7178,52,17.67,1570766836.0278356,1
2,169,68.54,385.97,-2.0923,0.52,2.67,12,0.5,False,True,73.9902,52,17.67,1570766836.0959022,1
2,170,67.31,381.4,-2.0183,-0.26,2.67,3,0.5,False,True,74.0806,52,17.67,1570766836.1599317,1
2,171,66.03,376.59,-1.9626,-0.26,2.67,3,0.5,False,True,74.3575,52,17.67,1570766836.227695,1
2,172,64.92,371.62,-1.9117,0.52,2.67,12,0.5,False,True,74.6432,52,17.67,1570766836.2933197,1
2,173,64.21,366.64,-1.8513,0.52,2.67,12,0.5,False,True,74.927,53,17.67,1570766836.3616104,1
2,174,63.959999999999994,361.6,-1.7814,0.52,2.67,12,0.5,False,True,75.2127,53,17.67,1570766836.4297798,1
2,175,63.99,356.46,-1.7147,-0.26,2.67,3,0.5,False,True,75.502,53,17.67,1570766836.4979713,1
2,176,63.99,351.53,-1.6721,-0.26,2.67,3,0.5,False,True,75.6696,53,17.67,1570766836.5607831,1
2,177,63.99,346.41,-1.6416,-0.26,2.67,3,0.5,False,True,75.9531,53,17.67,1570766836.6269948,1
2,178,64.08,340.47999999999996,-1.6111,0.0,5.33,7,0.5,False,True,76.2828,53,17.67,1570766836.6952648,1
2,179,64.46,333.15999999999997,-1.5734,0.0,5.33,7,0.5,False,True,76.6927,53,17.67,1570766836.7614722,1
2,180,65.11,324.90000000000003,-1.5366,0.0,5.33,7,0.5,False,True,77.1575,53,17.67,1570766836.8268569,1
2,181,65.89,315.63,-1.5107,-0.26,2.67,3,0.5,False,True,77.6807,53,17.67,1570766836.8957207,1
2,182,66.22,308.31,-1.5179,-0.52,2.67,0,0.5,False,True,78.0898,54,17.67,1570766836.961779,1
2,183,66.27,300.84,-1.5367,0.0,5.33,7,0.1,False,True,78.5046,54,17.67,1570766837.0290759,1
2,184,66.25,292.2,-1.5542,0.0,5.33,7,0.1,False,True,78.9826,54,17.67,1570766837.094672,1
2,185,66.11,283.59999999999997,-1.5701,0.0,2.67,6,0.1,False,True,79.458,54,17.67,1570766837.161778,1
2,186,66.05,276.19,-1.5744,0.26,2.67,9,0.1,False,True,79.8678,54,17.67,1570766837.2284575,1
2,187,66.12,270.05,-1.5684,0.26,2.67,9,0.1,False,True,80.209,54,17.67,1570766837.2954805,1
2,188,66.25,264.53000000000003,-1.5619,0.0,2.67,6,0.1,False,True,80.5158,55,17.67,1570766837.3617408,1
2,189,66.36,259.19,-1.5578,0.0,2.67,6,0.1,False,False,80.8132,55,17.67,1570766837.429628,1
2,190,66.52,253.45,-1.5524,0.0,5.33,7,0.1,False,False,81.1333,56,17.67,1570766837.496038,1
2,191,66.79,246.13,-1.5449,0.0,5.33,7,0.1,False,False,81.542,56,17.67,1570766837.5622704,1
2,192,67.12,237.84,-1.5386,0.0,5.33,7,0.1,False,False,82.0051,57,17.67,1570766837.6290956,1
2,193,67.54,228.29999999999998,-1.5326,0.0,5.33,7,0.1,False,False,82.5384,57,17.67,1570766837.695006,1
2,194,68.03,217.81,-1.5282,0.0,5.33,7,0.001,False,False,83.125,57,17.67,1570766837.7626143,1
2,195,68.7,206.70999999999998,-1.5161,0.52,8.0,14,0.001,False,False,83.7481,58,17.67,1570766837.829234,1
2,196,70.44,194.52,-1.4615,0.52,8.0,14,0.001,False,False,84.4436,58,17.67,1570766837.8953836,1
2,197,73.6,181.35,-1.3786,0.52,8.0,14,0.001,False,False,85.2096,59,17.67,1570766837.9608629,1
2,198,78.3,167.64,-1.27,0.52,5.33,13,0.1,False,False,86.0234,60,17.67,1570766838.0307772,1
2,199,84.02,155.20000000000002,-1.1809,0.26,8.0,11,0.1,False,False,86.7114,60,17.67,1570766838.0982277,1
2,200,90.67,143.73,-1.0807,0.0,5.33,7,0.1,False,False,87.433,60,17.67,1570766838.161657,1
2,201,98.45,132.95,-0.9914,0.0,8.0,8,0.1,False,True,88.1317,61,17.67,1570766838.2301223,1
2,202,107.5,122.46,-0.8941,0.0,5.33,7,0.5,False,True,88.833,61,17.67,1570766838.2973797,1
2,203,116.13,114.07000000000001,-0.8097,0.52,2.67,12,0.5,False,True,89.364,61,17.67,1570766838.3625183,1
2,204,124.81,107.24000000000001,-0.7257,0.52,2.67,12,1.0,False,True,89.9001,62,17.67,1570766838.4306312,1
2,205,133.21,102.12,-0.633,0.0,5.33,7,1.0,False,True,90.4221,64,17.67,1570766838.4972117,1
2,206,141.93,97.74000000000001,-0.5459,0.26,2.67,9,0.5,False,True,90.9341,65,17.67,1570766838.5644972,1
2,207,149.31,94.89,-0.4671,0.26,2.67,9,0.5,False,True,91.3696,65,17.67,1570766838.6318297,1
2,208,156.13,92.66,-0.4048,0.0,2.67,6,0.5,False,True,92.1131,67,17.67,1570766838.6979525,1
2,209,162.09,90.84,-0.3658,-0.26,5.33,4,0.5,False,True,92.465,67,17.67,1570766838.762662,1
2,210,169.55,88.61,-0.3342,-0.26,5.33,4,0.5,False,True,92.9052,67,17.67,1570766838.8311963,1
2,211,178.2,85.95,-0.3173,-0.26,5.33,4,0.5,False,True,93.4164,67,17.67,1570766838.8977785,1
2,212,187.16,82.96,-0.3205,-0.26,5.33,4,0.5,False,True,93.9494,68,17.67,1570766838.9639368,1
2,213,197.36,79.17,-0.3408,-0.26,5.33,4,0.5,False,True,94.5617,68,17.67,1570766839.0307634,1
2,214,207.31,75.3,-0.3562,0.0,5.33,7,0.5,False,True,95.2646,68,17.67,1570766839.097215,1
2,215,217.15,71.48,-0.3639,0.0,5.33,7,1.0,False,True,95.8212,68,17.67,1570766839.164071,1
2,216,226.96999999999997,67.58,-0.3721,0.0,8.0,8,1.0,False,True,96.3769,68,17.67,1570766839.2299182,1
2,217,238.03,63.46000000000001,-0.3717,0.52,2.67,12,1.0,False,True,97.0022,68,17.67,1570766839.2981167,1
2,218,247.10000000000002,60.370000000000005,-0.3518,-0.26,2.67,3,0.5,False,True,97.5154,69,17.67,1570766839.3631997,1
2,219,254.9,57.720000000000006,-0.3412,0.52,2.67,12,0.5,False,True,97.9569,69,17.67,1570766839.4315,1
2,220,261.99,55.81,-0.3084,0.52,2.67,12,0.5,False,True,98.3582,69,17.67,1570766839.4979744,1
2,221,267.52,54.72,-0.27,0.52,2.67,12,0.5,False,True,98.6708,69,17.67,1570766839.5625288,1
2,223,278.11,53.76,-0.177,0.0,2.67,6,0.5,False,True,99.2704,69,17.67,1570766839.6973085,1
2,224,283.31,53.44,-0.1413,0.0,2.67,6,0.5,False,True,99.5644,70,17.67,1570766839.7643197,1
2,225,288.54,53.239999999999995,-0.1094,0.0,2.67,6,0.1,False,True,99.8606,70,17.67,1570766839.8315763,1
2,226,293.93,53.059999999999995,-0.0861,-0.26,2.67,3,0.1,True,True,100.0,0,17.67,1570766839.8979943,1
2,222,272.89,54.09,-0.2243,0.52,2.67,12,0.5,False,True,98.9748,69,17.67,1570766839.6319277,1
